{"cameraMode":{"drawMode":0,"name":"Shaded","section":"Shading Mode"},"sceneLighting":false,"audioPlay":false,"sceneViewState":{"showFog":true,"showMaterialUpdate":false,"showSkybox":false,"showFlares":true,"showImageEffects":true,"showParticleSystems":true},"in2DMode":false,"pivot":{"x":-0.8299999833106995,"y":1.5399999618530274,"z":16.950000762939454},"rotation":{"x":-0.21140214800834657,"y":0.051873579621315,"z":-0.011212256737053395,"w":-0.9759753346443176},"size":0.17320533096790315,"orthographic":false}